sample_id,library_batch,virus,candidate_region_start,candidate_region_end,shared_sequence,overlap_length,supporting_annotations,peptide_ids,tile_starts,max_count,min_zscore,max_zscore,min_library_fold_enrichment,max_library_fold_enrichment
4,MEGSUB,NL63,61,79,RWRMRRGQRVDLPPKVHFY,19,NL63_01231_nucleocapsid;NL63_91156_nucleocapsid;NL63_ChinaGD01_nucleocapsid;NL63_Kilifi_nucleocapsid,3879;3880;6158;6159;7540;7541;8129;8130,41;61,28,25.9878,31.9545,9.5324,15.8445
4,MEGSUB,SARS,241,259,QQQGQTVTKKSAAEASKKP,19,SARS_Urbani_nucleocapsid,2072;2073,221;241,22,15.4224,35.2109,21.0697,1443.9969
5,SUB2,229E,6461,6479,QLQSAEWKCGYSMPGIYKT,19,229E_SC0865_replicase_polyprotein_1ab,1421;1422,6441;6461,4,15.8559,15.8559,8.2573,1280.1711
5,SUB2,HIV1,261,279,EGEVRIRSENITNNAKNII,19,HIV1_BG505_envelope,3262;3263,241;261,7,14.7402,23.9167,1919.7566,2239.5544
5,SUB2,HKU1,21,39,LTNLNEITKPLIEAEKPNL,19,HKU1_N13A_hypothetical_protein_orf8,7512;7513,1;21,15,23.9167,32.0217,6.2895,15.7190
5,SUB2,HKU1,4201,4219,VLSDVDGLKYTKIMKDDGN,19,HKU1_N13A_replicase_polyprotein_1ab,9520;9521,4181;4201,11,10.4386,19.8864,22.6963,1599.9688
5,SUB2,OC43,4161,4179,VYAILSDVDGLKYTKILKD,19,OC43_12689_replicase_polyprotein_1ab;OC43_98204_replicase_polyprotein_1a;OC43_98204_replicase_polyprotein_1ab,2560;2561;3861;3862;5939;5940,4141;4161,13,11.8256,12.4152,960.3833,4158.3109
5,SUB2,SARS,241,259,QQQGQTVTKKSAAEASKKP,19,SARS_Urbani_nucleocapsid,2072;2073,221;241,12,10.3013,48.0991,5.3086,3838.5132
7,SUB2,batSL,1861,1879,DVFYKENSYTTTIKPVTYK,19,batSL_CoVZC45_replicase_polyprotein_1ab,4722;4723,1841;1861,9,10.5079,27.7159,2239.5488,2879.1328
